metric,year,avg_rmse,avg_mae,total_runtime_sec
weighted_ks,2017,3.35048692012448,2.14729975769284,21692.808
weighted_ks,2018,3.56222164678988,2.28086541206368,20133.434
