method,year,avg_rmse,avg_mae,total_runtime_sec
TF_thinnedSV,2017,3.58872157915587,2.59758476474531,9940.16999999998
TF_thinnedSV,2018,4.46075281012334,2.88882164863267,9889.791
