method,year,avg_rmse,avg_nlpd,total_runtime_sec
P_twinGP,2017,3.85110126235981,3.95979948859248,873.837
P_twinGP,2018,4.90739263698634,6.27671719853295,868.485
