method,year,avg_rmse,avg_nlpd,total_runtime_sec
P_twinGP,2017,4.12294588370098,4.99805630959876,8278.408
P_twinGP,2018,4.41066497823906,5.19152204842041,7817.999
