method,year,avg_rmse,total_runtime_sec
P_Binning,2017,4.27974582060578,8.358
P_Binning,2018,5.02249313276764,7.929
