method,year,avg_rmse,avg_mae,total_runtime_sec
TF_ANN,2017,3.278360147306323,2.097466197957544,13158.221465110779
TF_ANN,2018,3.462643678191002,2.201016359199891,12354.29467344284
