method,year,avg_rmse,avg_mae,total_runtime_sec
TF_ANN,2017,3.5092046863838404,2.4885358025130486,2577.7095308303833
TF_ANN,2018,4.407361224238403,2.813442462982946,2577.6644167900085
