method,year,avg_rmse,avg_mae,total_runtime_sec
TF_LGBM,2017,3.476666368543312,2.291764744466701,4574.065441131592
TF_LGBM,2018,3.7533152418970426,2.468498072982389,4401.890613794327
