method,year,avg_rmse,total_runtime_sec
P_GNN_DFP,2017,6.14253870929488,4777.992533445358
P_GNN_DFP,2018,6.765695640252097,4776.793792724609
