metric,year,avg_rmse,avg_mae,total_runtime_sec
weighted_ks,2017,3.63368902549797,2.61324314780104,2185.075
weighted_ks,2018,4.49768669530749,2.92652276336939,2166.819
