metric,year,avg_rmse,avg_mae,total_runtime_sec
mean_ks,2018,3.71405096284433,2.41576574478938,20916.051
mean_ks,2017,3.50609194841651,2.27427858780579,25043.706
