method,year,avg_rmse,total_runtime_sec
G_random_forest,2017,3.59654100514697,899.223999999999
G_random_forest,2018,3.83817944701338,843.585000000001
